step	pg0
0	0.00023741234567901232
1	0.0004440351308641976
2	0.0006192419160493827
3	0.000572628
4	0.0005255040000000001
5	0.00047838000000000004
6	0.000431256
7	0.00038413200000000003
8	0.000337008
9	0.000289884
10	0.00024276
11	0.00019563600000000006
12	0.00014851199999999998
13	0.00010138799999999999
14	5.426399999999999e-05
