{
    "train": {
        "box_loss": 1.28912,
        "cls_loss": 0.88137,
        "dfl_loss": 0.88442
    },
    "metrics": {
        "precision(B)": 0.41014062648449096,
        "recall(B)": 0.30089292322386735,
        "mAP50(B)": 0.2946604164052218,
        "mAP50-95(B)": 0.1696873553406812
    },
    "val": {
        "box_loss": 1.33893,
        "cls_loss": 0.95196,
        "dfl_loss": 0.89068
    },
    "lr": {
        "pg0": 5.426399999999999e-05,
        "pg1": 5.426399999999999e-05,
        "pg2": 5.426399999999999e-05
    },
    "model": {
        "parameters": 11139470,
        "GFLOPs": 28.666,
        "speed_PyTorch(ms)": 1.671
    },
    "step": 14
}
